{"cameraMode":{"drawMode":0,"name":"Shaded","section":"Shading Mode"},"sceneLighting":false,"audioPlay":false,"sceneViewState":{"m_AlwaysRefresh":false,"showFog":true,"showSkybox":false,"showFlares":true,"showImageEffects":true,"showParticleSystems":true,"showVisualEffectGraphs":true,"m_FxEnabled":false},"in2DMode":false,"pivot":{"x":-0.0027093887329101564,"y":-0.011504411697387696,"z":0.9354720115661621},"rotation":{"x":0.16141122579574586,"y":0.6739937663078308,"z":-0.15446814894676209,"w":0.704181969165802},"size":6.9852166175842289,"orthographic":false}