{"cameraMode":{"drawMode":0,"name":"Shaded","section":"Shading Mode"},"sceneLighting":true,"audioPlay":false,"sceneViewState":{"m_AlwaysRefresh":false,"showFog":true,"showSkybox":true,"showFlares":true,"showImageEffects":true,"showParticleSystems":true,"showVisualEffectGraphs":true,"m_FxEnabled":false},"in2DMode":false,"pivot":{"x":85.08538818359375,"y":48.284873962402347,"z":-13.774018287658692},"rotation":{"x":-0.060956574976444247,"y":0.8479853272438049,"z":-0.09991685301065445,"w":-0.5170031189918518},"size":7.467243194580078,"orthographic":false}