{"cameraMode":{"drawMode":0,"name":"Shaded","section":"Shading Mode"},"sceneLighting":true,"audioPlay":false,"sceneViewState":{"m_AlwaysRefresh":false,"showFog":true,"showSkybox":true,"showFlares":true,"showImageEffects":true,"showParticleSystems":true,"showVisualEffectGraphs":true,"m_FxEnabled":false},"in2DMode":false,"pivot":{"x":28.528154373168947,"y":141.933349609375,"z":60.22060012817383},"rotation":{"x":-0.7193123698234558,"y":-0.0006287170690484345,"z":0.0006479358416981995,"w":-0.6946902275085449},"size":64.14408111572266,"orthographic":false}